loan_id,customer_id,product_id,loan_amount_eur,outstanding_balance_eur,interest_rate,loan_status,late_payment_count,default_flag,start_date,end_date
L000001,C00001,P004,643112.95,531969.27,5.01,Active,0,FALSE,2020-11-26,2032-11-23
L000002,C00003,P001,244642.59,180980.78,5.14,Active,0,FALSE,2020-09-21,2033-09-18
L000003,C00008,P002,29281.15,20564.11,8.5,Active,0,FALSE,2022-08-09,2028-08-07
L000004,C00012,P002,35845.6,32596.39,11.74,Active,0,FALSE,2024-07-01,2029-06-30
L000005,C00021,P004,110412.56,86809.98,8.18,Active,0,FALSE,2023-01-28,2028-01-27
L000006,C00022,P005,27106.21,21448.18,5.4,Active,0,FALSE,2023-01-15,2029-01-13
L000007,C00030,P005,114144.92,53350.99,5.18,Active,1,FALSE,2021-10-31,2025-10-30
L000008,C00033,P003,10303.98,2326.63,11.09,Active,1,FALSE,2023-02-13,2024-02-13
L000009,C00037,P002,33685.91,20404.05,11.84,Active,0,FALSE,2024-03-30,2025-03-30
L000010,C00040,P001,94893.67,90643.72,2.57,Active,0,FALSE,2024-10-23,2047-10-18
L000011,C00040,P001,363556.04,341122.82,4.78,Active,0,FALSE,2021-10-09,2044-10-03
L000012,C00041,P004,396589.35,182433.12,3.89,Active,0,FALSE,2023-01-30,2025-01-29
L000013,C00044,P002,43375.68,42081.51,10.73,Active,0,FALSE,2024-09-06,2031-09-05
L000014,C00044,P003,6847.69,5958.03,15.89,Active,0,FALSE,2024-05-11,2026-05-11
L000015,C00046,P003,13035.08,8104.44,16.99,Active,0,FALSE,2024-01-22,2026-01-21
L000016,C00051,P002,21270.18,19992.02,9.59,Active,0,FALSE,2024-07-07,2031-07-06
L000017,C00056,P004,324429.88,258897.07,5.05,Active,0,FALSE,2024-03-30,2027-03-30
L000018,C00058,P001,330271.33,256914.78,2.49,Active,0,FALSE,2022-02-19,2032-02-17
L000019,C00062,P003,12181.44,8309.19,13.12,Active,0,FALSE,2023-08-07,2026-08-06
L000020,C00072,P004,101506.1,82156.58,7.26,Active,0,FALSE,2022-02-06,2032-02-04
L000021,C00074,P001,417100.2,406491.15,3.33,Active,0,FALSE,2023-10-30,2048-10-23
L000022,C00075,P003,4201.3,2333.13,8.21,Active,0,FALSE,2020-10-30,2022-10-30
L000023,C00075,P002,11494.67,7836.37,4.81,Active,0,FALSE,2023-05-02,2027-05-01
L000024,C00079,P004,541308.5,514785.31,8.12,Active,0,FALSE,2023-10-02,2034-09-29
L000025,C00086,P004,256909.34,53094.28,4.41,Active,0,FALSE,2021-08-28,2023-08-28
L000026,C00090,P002,23969.66,14090.65,4.72,Active,0,FALSE,2021-02-08,2029-02-06
L000027,C00092,P002,24316.1,20842.87,10.67,Active,0,FALSE,2023-11-20,2029-11-18
L000028,C00097,P003,2831.42,1149.87,8.91,Active,0,FALSE,2022-06-06,2024-06-05
L000029,C00097,P003,2024.83,1550.4,15.42,Active,0,FALSE,2024-02-09,2026-02-08
L000030,C00098,P003,8286.07,7491.07,10.1,Active,0,FALSE,2024-03-10,2028-03-09
L000031,C00102,P001,246164.74,236595.11,2.56,Active,0,FALSE,2024-06-20,2043-06-16
L000032,C00104,P005,87131.47,0,5.32,Closed,1,FALSE,2022-05-26,2032-05-23
L000033,C00107,P004,321658.66,0,3.47,Closed,0,FALSE,2022-03-08,2028-03-06
L000034,C00108,P004,92878.78,0,7.04,Closed,1,FALSE,2021-01-20,2028-01-19
L000035,C00108,P002,32913.95,15332.53,10.11,Active,1,FALSE,2021-06-20,2022-06-20
L000036,C00111,P001,445758.44,0,4.37,Closed,0,FALSE,2024-09-02,2033-08-31
L000037,C00112,P001,141551.26,110180.53,4.67,Active,0,FALSE,2021-01-24,2036-01-21
L000038,C00114,P002,8683.96,4886.8,7.51,Active,0,FALSE,2020-11-16,2023-11-16
L000039,C00117,P002,29620.73,22104.82,7.65,Late,3,FALSE,2024-03-17,2026-03-17
L000040,C00119,P001,299480.31,287587.21,2.51,Active,0,FALSE,2024-01-07,2035-01-04
L000041,C00120,P005,87666.45,54951.61,5.3,Late,2,FALSE,2021-06-08,2027-06-07
L000042,C00122,P004,172316.09,108612.43,5.43,Active,0,FALSE,2021-08-01,2029-07-30
L000043,C00123,P001,463331.84,362951.6,4.71,Active,0,FALSE,2020-12-07,2028-12-05
L000044,C00125,P004,525123.77,370655.01,5.37,Active,0,FALSE,2020-09-16,2028-09-14
L000045,C00126,P002,29722.25,28171.82,9.34,Active,0,FALSE,2024-04-15,2031-04-14
L000046,C00127,P003,17364.74,16561.7,16.24,Active,0,FALSE,2024-09-22,2028-09-21
L000047,C00128,P003,10003.8,8602.16,13.22,Active,1,FALSE,2024-01-06,2027-01-05
L000048,C00132,P001,187094.94,162756.46,5.2,Active,0,FALSE,2021-10-26,2043-10-21
L000049,C00134,P004,39483.71,32583.65,5.41,Active,0,FALSE,2022-11-17,2028-11-15
L000050,C00135,P001,279170.99,257533.0,3.44,Active,0,FALSE,2021-11-10,2044-11-04
L000051,C00140,P005,9513.22,9069.99,6.24,Active,0,FALSE,2024-07-10,2033-07-08
L000052,C00140,P002,22940.82,18538.29,7.08,Active,0,FALSE,2023-11-24,2026-11-23
L000053,C00143,P003,16917.88,6250.4,14.22,Active,0,FALSE,2022-06-19,2025-06-18
L000054,C00145,P002,21168.03,20416.75,8.86,Active,0,FALSE,2024-11-09,2026-11-09
L000055,C00150,P003,9553.83,3471.19,18.04,Active,0,FALSE,2021-05-10,2023-05-10
L000056,C00150,P004,480396.9,0,8.42,Closed,0,FALSE,2023-04-27,2035-04-24
L000057,C00154,P001,479038.83,437562.06,4.04,Active,0,FALSE,2021-09-27,2047-09-21
L000058,C00161,P001,283019.89,240876.44,2.46,Active,0,FALSE,2022-09-05,2033-09-02
L000059,C00162,P003,13749.71,13060.89,8.94,Active,0,FALSE,2024-09-07,2027-09-07
L000060,C00166,P003,14466.4,3366.18,17.14,Active,0,FALSE,2021-03-15,2023-03-15
L000061,C00170,P004,372827.75,236037.02,4.99,Active,0,FALSE,2021-10-26,2028-10-24
L000062,C00175,P002,41590.0,16265.43,11.13,Active,1,FALSE,2021-10-04,2022-10-04
L000063,C00176,P004,388026.75,214665.16,7.15,Active,1,FALSE,2021-11-03,2026-11-02
L000064,C00179,P002,8208.33,7630.57,8.3,Active,0,FALSE,2024-04-10,2031-04-09
L000065,C00180,P002,11548.62,11082.38,8.36,Active,0,FALSE,2024-12-13,2030-12-12
L000066,C00185,P005,45993.67,14290.98,6.06,Active,0,FALSE,2021-09-12,2023-09-12
L000067,C00196,P004,654312.42,537500.58,6.32,Active,0,FALSE,2022-02-12,2034-02-09
L000068,C00199,P003,4741.17,2499.94,17.33,Active,1,FALSE,2021-09-28,2023-09-28
L000069,C00207,P002,13985.91,7602.87,7.33,Active,0,FALSE,2020-12-27,2026-12-26
L000070,C00213,P002,7551.03,5842.19,10.08,Active,0,FALSE,2022-03-18,2030-03-16
L000071,C00213,P002,14338.13,6415.73,8.18,Active,1,FALSE,2021-07-19,2024-07-18
L000072,C00218,P002,27014.82,18975.52,5.46,Active,0,FALSE,2022-04-04,2030-04-02
L000073,C00219,P003,915.19,450.8,17.51,Active,0,FALSE,2022-08-21,2026-08-20
L000074,C00221,P001,277328.92,241650.28,3.48,Active,0,FALSE,2022-09-23,2031-09-21
L000075,C00223,P002,13221.24,9686.78,11.35,Active,0,FALSE,2022-10-08,2028-10-06
L000076,C00224,P002,8899.85,1392.96,6.39,Active,0,FALSE,2021-01-25,2022-01-25
L000077,C00227,P004,580033.46,246245.77,6.32,Active,0,FALSE,2021-09-30,2025-09-29
L000078,C00229,P004,120547.59,97737.9,4.72,Active,0,FALSE,2020-12-10,2029-12-08
L000079,C00230,P005,45640.01,42328.86,2.68,Active,0,FALSE,2024-05-21,2029-05-20
L000080,C00231,P004,457533.28,393810.15,6.02,Active,0,FALSE,2024-03-17,2028-03-16
L000081,C00235,P001,235288.11,205339.28,2.76,Active,0,FALSE,2020-12-02,2041-11-27
L000082,C00235,P002,41177.43,15250.62,11.15,Active,0,FALSE,2020-09-22,2024-09-21
L000083,C00236,P002,31161.74,20615.7,8.44,Active,0,FALSE,2023-10-13,2026-10-12
L000084,C00239,P005,56289.44,18199.22,6.81,Active,0,FALSE,2021-10-05,2024-10-04
L000085,C00239,P004,168353.47,55283.08,5.45,Active,0,FALSE,2020-12-19,2025-12-18
L000086,C00242,P005,102171.46,43501.38,5.1,Active,0,FALSE,2020-09-23,2025-09-22
L000087,C00243,P004,78540.02,60794.81,3.56,Active,0,FALSE,2021-01-30,2029-01-28
L000088,C00244,P003,13256.8,5732.89,13.97,Defaulted,0,TRUE,2023-01-23,2026-01-22
L000089,C00244,P002,11858.59,9233.09,10.95,Active,0,FALSE,2020-11-03,2028-11-01
L000090,C00246,P003,9945.96,3802.74,17.15,Active,0,FALSE,2022-02-19,2024-02-19
L000091,C00246,P004,530020.11,439304.44,3.87,Defaulted,0,TRUE,2022-06-24,2031-06-22
L000092,C00249,P001,186896.63,170987.57,3.16,Active,0,FALSE,2023-04-01,2032-03-29
L000093,C00255,P001,470905.23,455143.26,2.39,Active,0,FALSE,2024-12-11,2045-12-06
L000094,C00255,P001,367995.52,289554.47,3.8,Active,0,FALSE,2021-04-01,2030-03-30
L000095,C00257,P002,16448.99,7758.37,5.95,Active,0,FALSE,2021-09-08,2022-09-08
L000096,C00266,P002,7647.97,4567.17,5.78,Active,0,FALSE,2023-04-30,2024-04-29
L000097,C00267,P002,44994.99,39482.18,7.09,Active,0,FALSE,2023-11-16,2031-11-14
L000098,C00267,P002,33308.87,14407.31,8.22,Active,0,FALSE,2022-04-12,2026-04-11
L000099,C00269,P001,139109.3,130606.17,3.11,Active,0,FALSE,2022-07-03,2049-06-26
L000100,C00272,P004,517756.36,440856.38,5.64,Active,0,FALSE,2024-08-03,2026-08-03
L000101,C00274,P003,12264.88,7477.52,10.17,Active,0,FALSE,2021-04-30,2025-04-29
L000102,C00278,P002,32251.22,19694.15,12.24,Active,0,FALSE,2021-07-15,2027-07-14
L000103,C00279,P002,12923.47,12446.24,8.43,Active,0,FALSE,2024-07-02,2032-06-30
L000104,C00281,P002,37397.78,34986.36,10.87,Active,1,FALSE,2024-01-03,2032-01-01
L000105,C00283,P005,52954.47,49900.59,4.72,Active,0,FALSE,2024-01-13,2034-01-10
L000106,C00285,P003,12886.75,8950.42,9.9,Active,0,FALSE,2022-02-21,2026-02-20
L000107,C00290,P002,29968.93,6977.27,9.2,Active,0,FALSE,2022-05-26,2024-05-25
L000108,C00292,P001,335598.93,0,3.53,Closed,0,FALSE,2022-02-09,2043-02-04
L000109,C00297,P003,9119.09,6113.57,12.65,Active,0,FALSE,2024-06-18,2025-06-18
L000110,C00297,P003,2874.55,484.24,16.49,Active,0,FALSE,2021-05-01,2024-04-30
L000111,C00298,P001,114315.5,109583.32,3.58,Active,0,FALSE,2023-12-18,2040-12-13
L000112,C00299,P002,42574.3,21519.37,8.68,Active,0,FALSE,2023-10-11,2024-10-10
L000113,C00300,P002,14640.8,9936.18,8.41,Active,0,FALSE,2020-11-01,2026-10-31
L000114,C00302,P001,329123.05,288964.61,2.34,Active,0,FALSE,2021-10-24,2039-10-20
L000115,C00304,P002,41456.3,22281.68,11.62,Defaulted,2,TRUE,2021-03-08,2022-03-08
L000116,C00306,P003,5517.11,1733.77,14.68,Active,0,FALSE,2021-01-25,2025-01-24
L000117,C00306,P001,234141.87,211752.37,2.33,Active,0,FALSE,2022-09-08,2034-09-05
L000118,C00309,P001,273284.55,260974.48,2.3,Active,0,FALSE,2021-12-21,2049-12-14
L000119,C00315,P004,270643.81,78887.39,7.72,Late,5,FALSE,2020-08-26,2022-08-26
L000120,C00317,P004,686209.49,638714.3,7.8,Active,1,FALSE,2023-10-15,2033-10-12
L000121,C00318,P002,42640.84,0,5.82,Closed,0,FALSE,2022-04-29,2029-04-27
L000122,C00319,P002,24807.34,17245.33,11.44,Active,0,FALSE,2023-03-20,2028-03-18
L000123,C00321,P002,37366.32,32774.22,8.19,Active,1,FALSE,2023-07-29,2028-07-27
L000124,C00321,P002,43192.47,14351.09,6.18,Active,1,FALSE,2024-03-30,2025-03-30
L000125,C00323,P003,7934.55,7154.43,17.47,Active,0,FALSE,2024-06-16,2028-06-15
L000126,C00323,P002,31697.92,27980.59,8.31,Active,0,FALSE,2023-05-20,2029-05-18
L000127,C00326,P005,10461.71,7609.85,5.41,Active,1,FALSE,2023-06-09,2028-06-07
L000128,C00327,P004,518855.04,428920.67,7.28,Active,0,FALSE,2023-08-23,2030-08-21
L000129,C00328,P002,7206.74,4043.37,6.41,Active,0,FALSE,2021-07-22,2024-07-21
L000130,C00329,P001,276191.4,251065.47,2.69,Active,0,FALSE,2021-06-18,2044-06-12
L000131,C00333,P004,109058.93,74051.44,4.84,Active,0,FALSE,2020-12-27,2030-12-25
L000132,C00337,P003,6321.44,5238.7,14.53,Active,0,FALSE,2024-06-01,2027-06-01
L000133,C00337,P002,17537.49,15692.4,11.56,Active,0,FALSE,2024-01-02,2030-12-31
L000134,C00339,P001,415438.51,393872.06,4.59,Active,0,FALSE,2022-03-30,2052-03-22
L000135,C00347,P004,105748.03,79689.75,4.35,Active,1,FALSE,2022-04-04,2030-04-02
L000136,C00351,P004,336534.98,243362.84,5.22,Active,0,FALSE,2022-07-05,2026-07-04
L000137,C00355,P002,32010.4,10539.13,7.16,Active,0,FALSE,2021-03-01,2024-02-29
L000138,C00357,P003,14129.91,7213.03,16.48,Active,0,FALSE,2021-07-10,2026-07-09
L000139,C00357,P003,14963.84,3875.36,15.32,Active,0,FALSE,2020-11-03,2021-11-03
L000140,C00360,P005,84210.96,54252.26,5.99,Active,0,FALSE,2022-01-01,2028-12-30
L000141,C00360,P001,419248.02,394133.68,5.22,Active,0,FALSE,2021-10-14,2051-10-07
L000142,C00361,P005,22901.02,16873.76,3.97,Active,0,FALSE,2022-02-02,2028-02-01
L000143,C00371,P002,32097.26,18159.2,5.41,Active,0,FALSE,2021-10-28,2026-10-27
L000144,C00371,P003,2980.33,1718.0,10.33,Active,0,FALSE,2021-06-11,2025-06-10
L000145,C00375,P003,4118.1,1261.74,10.73,Active,0,FALSE,2022-02-05,2025-02-04
L000146,C00377,P004,386255.02,339516.63,7.36,Active,1,FALSE,2023-07-08,2031-07-06
L000147,C00379,P004,287961.3,263834.68,5.83,Active,0,FALSE,2023-12-02,2033-11-29
L000148,C00382,P005,15035.75,13257.2,3.06,Active,0,FALSE,2024-05-28,2028-05-27
L000149,C00382,P004,531741.11,268765.84,4.43,Active,0,FALSE,2021-07-27,2023-07-27
L000150,C00383,P002,20655.93,16152.64,4.71,Active,0,FALSE,2022-05-17,2028-05-15
L000151,C00387,P004,727926.62,0,4.37,Closed,0,FALSE,2022-03-15,2033-03-12
L000152,C00387,P003,12062.81,5395.05,12.99,Active,0,FALSE,2021-05-05,2025-05-04
L000153,C00391,P004,269977.99,250981.56,6.27,Active,0,FALSE,2024-10-01,2026-10-01
L000154,C00394,P003,10879.25,6341.93,16.13,Active,0,FALSE,2022-02-06,2025-02-05
L000155,C00395,P004,51451.04,43997.84,6.0,Active,0,FALSE,2022-11-29,2032-11-26
L000156,C00395,P002,14333.81,10992.58,5.62,Active,0,FALSE,2022-12-03,2030-12-01
L000157,C00405,P003,4645.09,2200.87,16.78,Active,0,FALSE,2020-09-05,2023-09-05
L000158,C00406,P002,28154.13,20755.6,10.11,Active,0,FALSE,2023-12-19,2026-12-18
L000159,C00410,P001,125063.27,111836.34,2.52,Active,0,FALSE,2022-03-11,2040-03-06
L000160,C00412,P003,1088.18,395.79,8.25,Active,1,FALSE,2021-12-04,2022-12-04
L000161,C00412,P001,329586.16,0,4.91,Closed,0,FALSE,2023-04-07,2034-04-04
L000162,C00413,P002,38637.31,0,12.21,Closed,0,FALSE,2023-07-13,2031-07-11
L000163,C00415,P002,12727.0,9238.59,11.9,Active,0,FALSE,2023-08-26,2027-08-25
L000164,C00423,P004,354540.86,332042.79,5.39,Active,1,FALSE,2024-03-07,2033-03-05
L000165,C00428,P003,16192.29,5867.02,17.72,Active,0,FALSE,2021-08-18,2023-08-18
L000166,C00430,P002,7143.59,6411.28,9.87,Active,1,FALSE,2024-01-17,2031-01-15
L000167,C00437,P002,41657.91,8360.31,7.82,Active,0,FALSE,2021-08-02,2024-08-01
L000168,C00440,P003,3580.45,2976.01,8.93,Active,0,FALSE,2023-10-12,2028-10-10
L000169,C00441,P002,11842.42,2006.45,6.27,Active,0,FALSE,2020-10-23,2021-10-23
L000170,C00445,P004,308146.66,0,7.4,Closed,0,FALSE,2021-02-24,2025-02-23
L000171,C00445,P003,14979.64,8072.08,17.96,Active,1,FALSE,2023-03-07,2026-03-06
L000172,C00446,P004,400392.53,383053.33,6.81,Active,0,FALSE,2024-08-24,2031-08-23
L000173,C00448,P002,26903.38,25822.47,9.85,Active,0,FALSE,2024-10-30,2029-10-29
L000174,C00452,P001,414205.03,383675.37,4.84,Active,0,FALSE,2022-02-14,2052-02-07
L000175,C00453,P002,38704.27,26698.59,4.82,Active,0,FALSE,2021-12-17,2027-12-16
L000176,C00455,P004,738122.09,638913.44,8.31,Active,0,FALSE,2023-07-16,2028-07-14
L000177,C00455,P004,141005.62,115685.2,7.22,Late,4,FALSE,2023-02-28,2031-02-26
L000178,C00456,P001,290742.78,267995.62,2.44,Active,0,FALSE,2022-01-11,2042-01-06
L000179,C00456,P003,5399.38,2774.6,17.65,Active,0,FALSE,2023-03-04,2024-03-03
L000180,C00463,P002,31078.39,9795.72,5.51,Defaulted,1,TRUE,2021-05-20,2022-05-20
L000181,C00464,P001,162795.25,154907.04,2.37,Active,0,FALSE,2023-06-29,2044-06-23
L000182,C00467,P003,13704.84,10319.77,16.49,Active,0,FALSE,2024-09-15,2025-09-15
L000183,C00471,P001,371346.43,288502.23,2.65,Active,0,FALSE,2021-01-25,2031-01-23
L000184,C00474,P001,152707.86,147759.27,4.38,Active,1,FALSE,2022-12-23,2052-12-15
L000185,C00481,P002,38344.28,34342.7,6.65,Active,0,FALSE,2023-09-18,2031-09-16
L000186,C00487,P005,8074.46,6437.16,4.88,Active,1,FALSE,2022-07-01,2028-06-29
L000187,C00490,P002,27538.93,0,7.22,Closed,0,FALSE,2023-11-03,2027-11-02
L000188,C00492,P003,16061.72,11745.68,13.8,Active,0,FALSE,2023-04-02,2027-04-01
L000189,C00493,P002,8128.47,6167.27,9.16,Active,0,FALSE,2022-08-22,2026-08-21
L000190,C00495,P002,44335.02,42947.62,11.94,Active,0,FALSE,2024-08-14,2032-08-12
L000191,C00496,P004,633817.23,447010.77,5.84,Active,1,FALSE,2021-08-16,2031-08-14
L000192,C00496,P002,40101.57,25875.56,12.27,Active,1,FALSE,2022-05-06,2027-05-05
L000193,C00497,P004,742680.61,642346.24,4.93,Active,0,FALSE,2021-12-15,2031-12-13
L000194,C00499,P001,378056.67,350517.03,4.28,Active,0,FALSE,2022-06-01,2039-05-28
L000195,C00503,P002,4933.82,3427.22,12.31,Active,0,FALSE,2021-04-13,2029-04-11
L000196,C00513,P003,5235.4,0,9.29,Closed,0,FALSE,2023-06-02,2028-05-31
L000197,C00514,P001,305368.76,274864.79,2.67,Active,0,FALSE,2023-04-05,2038-04-01
L000198,C00516,P002,4702.27,4258.12,5.92,Active,0,FALSE,2024-08-11,2027-08-11
L000199,C00516,P001,305702.06,296755.95,3.87,Active,0,FALSE,2024-11-17,2052-11-10
L000200,C00518,P003,7273.4,6019.47,17.57,Active,0,FALSE,2023-10-04,2026-10-03
L000201,C00521,P002,11947.4,10040.53,5.83,Active,0,FALSE,2022-11-16,2030-11-14
L000202,C00522,P002,24160.82,18105.19,5.39,Active,0,FALSE,2022-11-07,2029-11-05
L000203,C00523,P002,32003.63,5803.48,9.23,Late,2,FALSE,2023-02-06,2024-02-06
L000204,C00527,P003,12390.1,4912.82,13.73,Active,0,FALSE,2021-12-28,2025-12-27
L000205,C00527,P001,418899.27,324130.68,4.85,Active,0,FALSE,2021-09-11,2031-09-09
L000206,C00531,P003,17576.23,10694.88,14.88,Active,0,FALSE,2022-06-27,2026-06-26
L000207,C00532,P003,16254.42,6429.1,15.64,Active,0,FALSE,2022-07-13,2023-07-13
L000208,C00532,P002,23731.45,8528.46,10.9,Active,0,FALSE,2020-12-20,2023-12-20
L000209,C00535,P002,24556.46,0,7.26,Closed,0,FALSE,2024-05-19,2032-05-17
L000210,C00538,P002,38090.91,28759.99,8.48,Active,0,FALSE,2023-05-30,2027-05-29
L000211,C00538,P001,178534.58,174430.99,4.51,Active,0,FALSE,2024-11-27,2043-11-23
L000212,C00541,P004,254683.15,213765.68,3.95,Defaulted,0,TRUE,2022-06-07,2029-06-05
L000213,C00542,P003,7551.82,0,9.07,Closed,0,FALSE,2024-11-18,2027-11-18
L000214,C00547,P002,14051.56,6993.45,11.8,Active,0,FALSE,2023-01-12,2025-01-11
L000215,C00553,P002,16456.39,11907.28,10.16,Active,0,FALSE,2022-10-26,2029-10-24
L000216,C00557,P004,624323.75,557962.92,8.3,Active,0,FALSE,2023-04-15,2034-04-12
L000217,C00562,P004,570059.45,163919.11,4.9,Active,0,FALSE,2020-11-13,2023-11-13
L000218,C00562,P002,7408.87,4621.5,6.58,Active,0,FALSE,2022-08-03,2026-08-02
L000219,C00563,P004,673148.82,0,7.0,Closed,0,FALSE,2020-12-29,2030-12-27
L000220,C00564,P004,111959.43,60183.26,6.57,Active,0,FALSE,2023-02-18,2026-02-17
L000221,C00573,P004,369799.68,300081.08,4.76,Active,0,FALSE,2021-06-16,2033-06-13
L000222,C00574,P001,400688.51,377025.96,5.07,Active,0,FALSE,2021-09-01,2047-08-26
L000223,C00575,P001,288688.81,264875.42,3.43,Active,0,FALSE,2023-05-14,2035-05-11
L000224,C00579,P001,303031.34,266818.75,2.74,Active,1,FALSE,2023-01-02,2030-12-31
L000225,C00582,P001,111231.24,89667.93,4.62,Active,0,FALSE,2021-07-14,2034-07-11
L000226,C00598,P004,398030.01,371864.18,4.98,Active,0,FALSE,2024-05-04,2029-05-03
L000227,C00598,P005,30028.43,16280.83,5.21,Active,0,FALSE,2020-09-14,2026-09-13
L000228,C00601,P004,368009.21,284466.83,5.15,Active,0,FALSE,2020-09-15,2031-09-13
L000229,C00602,P002,44876.12,22651.71,7.07,Late,2,FALSE,2020-12-22,2027-12-21
L000230,C00605,P002,35819.83,29239.64,8.7,Active,0,FALSE,2021-12-03,2029-12-01
L000231,C00606,P002,12505.7,7904.96,11.64,Active,0,FALSE,2022-10-19,2027-10-18
L000232,C00607,P001,133435.07,113809.0,2.9,Active,0,FALSE,2021-10-28,2031-10-26
L000233,C00611,P001,265907.69,257304.08,4.71,Active,0,FALSE,2024-08-13,2048-08-07
L000234,C00620,P002,34130.82,27430.94,7.81,Active,0,FALSE,2024-01-02,2028-01-01
L000235,C00623,P004,515556.99,503038.31,4.93,Active,0,FALSE,2024-10-13,2034-10-11
L000236,C00623,P004,620757.99,0,7.58,Closed,0,FALSE,2022-04-12,2034-04-09
L000237,C00624,P003,10504.52,8618.59,16.18,Active,0,FALSE,2023-04-09,2028-04-07
L000238,C00630,P004,104811.12,76437.51,7.95,Active,0,FALSE,2021-03-01,2031-02-27
L000239,C00632,P005,51313.57,35795.71,4.28,Active,0,FALSE,2023-08-14,2027-08-13
L000240,C00634,P003,9411.09,6163.95,8.14,Active,0,FALSE,2023-06-10,2027-06-09
L000241,C00636,P005,103300.14,45444.44,6.37,Active,0,FALSE,2022-06-11,2026-06-10
L000242,C00637,P001,410796.92,383523.66,4.88,Active,0,FALSE,2024-04-29,2032-04-27
L000243,C00641,P001,244411.36,238876.84,4.38,Active,0,FALSE,2024-07-18,2039-07-15
L000244,C00641,P002,11071.62,4167.79,11.74,Active,0,FALSE,2023-03-03,2025-03-02
L000245,C00645,P001,239747.39,217238.83,2.5,Active,0,FALSE,2022-12-20,2041-12-15
L000246,C00653,P002,33507.96,24924.35,5.98,Defaulted,0,TRUE,2023-09-08,2027-09-07
L000247,C00654,P002,31877.75,28050.53,10.01,Active,0,FALSE,2022-09-06,2030-09-04
L000248,C00655,P001,324321.7,299356.92,2.32,Active,0,FALSE,2023-12-03,2032-11-30
L000249,C00655,P001,174241.57,166488.74,3.94,Active,0,FALSE,2024-09-06,2054-08-30
L000250,C00656,P001,349021.45,285678.15,3.26,Active,0,FALSE,2021-05-30,2036-05-26
L000251,C00656,P001,368309.29,348979.57,3.46,Active,0,FALSE,2022-01-02,2050-12-26
L000252,C00657,P004,618750.69,468244.76,7.43,Active,0,FALSE,2021-11-29,2027-11-28
L000253,C00662,P001,119379.98,105189.55,4.17,Active,1,FALSE,2023-04-21,2031-04-19
L000254,C00664,P004,228613.98,203326.72,4.3,Active,0,FALSE,2023-04-04,2035-04-01
L000255,C00666,P002,44497.62,13661.28,5.31,Active,0,FALSE,2023-11-23,2024-11-22
L000256,C00667,P001,203968.06,131603.55,2.6,Active,0,FALSE,2021-01-23,2030-01-21
L000257,C00672,P005,52281.72,37380.69,6.1,Active,0,FALSE,2023-10-20,2026-10-19
L000258,C00674,P002,33821.56,26614.75,6.03,Active,0,FALSE,2023-04-10,2030-04-08
L000259,C00674,P005,104729.49,79063.83,3.57,Active,0,FALSE,2022-02-24,2032-02-22
L000260,C00677,P001,116390.04,98825.81,4.59,Active,0,FALSE,2021-01-10,2040-01-06
L000261,C00677,P002,15995.71,11155.13,12.15,Active,0,FALSE,2023-06-18,2026-06-17
L000262,C00678,P003,3567.55,1181.85,13.27,Active,0,FALSE,2023-02-06,2024-02-06
L000263,C00679,P001,209491.19,198862.95,5.39,Active,0,FALSE,2022-10-08,2046-10-02
L000264,C00683,P002,18423.63,14315.62,10.63,Active,1,FALSE,2022-10-29,2029-10-27
L000265,C00687,P003,12004.77,8749.16,16.69,Active,0,FALSE,2023-03-25,2028-03-23
L000266,C00689,P002,42702.56,13258.21,8.19,Active,0,FALSE,2021-02-16,2024-02-16
L000267,C00690,P002,10646.46,8638.47,10.47,Active,0,FALSE,2023-09-09,2028-09-07
L000268,C00691,P004,216791.24,189401.25,5.1,Active,0,FALSE,2023-12-27,2028-12-25
L000269,C00695,P001,244573.33,230281.55,5.35,Active,0,FALSE,2023-11-27,2036-11-23
L000270,C00700,P002,30479.62,17762.39,7.95,Late,2,FALSE,2022-02-27,2027-02-26
L000271,C00707,P002,19891.75,17942.08,10.68,Active,1,FALSE,2024-01-07,2029-01-05
L000272,C00707,P002,24744.78,3909.3,10.31,Active,0,FALSE,2021-05-05,2022-05-05
L000273,C00708,P003,12419.13,0,12.15,Closed,0,FALSE,2021-08-23,2022-08-23
L000274,C00712,P004,192349.8,138149.66,4.06,Active,0,FALSE,2021-08-12,2029-08-10
L000275,C00721,P002,23085.79,15842.72,5.29,Active,1,FALSE,2023-01-14,2028-01-13
L000276,C00723,P003,4096.35,1329.19,9.52,Late,4,FALSE,2021-04-28,2022-04-28
L000277,C00723,P004,93191.0,87316.95,7.77,Late,2,FALSE,2024-04-23,2029-04-22
L000278,C00725,P003,17848.93,3369.68,17.34,Active,0,FALSE,2021-07-26,2023-07-26
L000279,C00729,P004,362600.65,343535.64,6.23,Defaulted,0,TRUE,2024-09-30,2027-09-30
L000280,C00730,P005,89288.78,38188.51,6.61,Active,0,FALSE,2022-05-26,2025-05-25
L000281,C00736,P002,27558.1,6163.26,12.34,Active,0,FALSE,2022-01-31,2024-01-31
L000282,C00738,P002,15853.6,11306.86,9.99,Active,1,FALSE,2022-11-05,2027-11-04
L000283,C00739,P004,321258.6,303252.68,7.73,Active,0,FALSE,2023-12-01,2031-11-29
L000284,C00741,P004,327661.98,182247.87,6.54,Active,0,FALSE,2021-05-06,2023-05-06
L000285,C00742,P002,41600.12,22935.5,4.76,Active,0,FALSE,2022-07-14,2026-07-13
L000286,C00743,P004,39523.5,28853.87,3.66,Active,1,FALSE,2021-09-24,2030-09-22
L000287,C00745,P004,450336.77,0,8.03,Closed,0,FALSE,2021-08-07,2033-08-04
L000288,C00748,P003,9353.82,8584.28,12.46,Active,0,FALSE,2024-04-30,2029-04-29
L000289,C00751,P003,12200.52,2216.43,9.5,Active,0,FALSE,2022-07-16,2023-07-16
L000290,C00754,P002,2241.76,1817.52,10.29,Active,0,FALSE,2024-09-16,2025-09-16
L000291,C00754,P002,9929.0,4750.59,8.9,Active,1,FALSE,2021-03-09,2024-03-08
L000292,C00756,P003,976.35,292.88,15.61,Active,0,FALSE,2021-02-11,2024-02-11
L000293,C00758,P004,671121.73,653684.58,5.48,Active,0,FALSE,2024-11-04,2033-11-02
L000294,C00758,P003,13240.73,9346.56,16.27,Active,0,FALSE,2023-03-29,2026-03-28
L000295,C00761,P002,18637.89,15677.44,5.38,Active,0,FALSE,2024-01-25,2027-01-24
L000296,C00764,P005,8871.69,5070.58,3.42,Active,0,FALSE,2022-05-10,2024-05-09
L000297,C00764,P004,323864.52,171065.07,6.38,Active,0,FALSE,2021-08-05,2025-08-04
L000298,C00767,P002,24038.42,14641.45,9.12,Active,0,FALSE,2023-03-15,2027-03-14
L000299,C00767,P002,19205.96,15448.17,11.47,Active,0,FALSE,2023-02-26,2028-02-25
L000300,C00769,P002,25907.3,17008.93,10.54,Active,0,FALSE,2022-02-10,2029-02-08
L000301,C00772,P003,11958.53,10332.82,14.62,Active,0,FALSE,2023-10-04,2028-10-02
L000302,C00773,P004,560337.43,497215.23,8.37,Defaulted,0,TRUE,2024-03-11,2028-03-10
L000303,C00786,P004,288406.62,280624.39,3.5,Active,0,FALSE,2024-12-14,2034-12-12
L000304,C00786,P003,7852.5,3012.43,8.71,Active,0,FALSE,2020-09-18,2021-09-18
L000305,C00789,P002,31849.56,22765.08,12.19,Active,1,FALSE,2021-02-15,2028-02-14
L000306,C00789,P003,13407.7,7159.77,18.23,Active,0,FALSE,2021-03-12,2024-03-11
L000307,C00793,P004,339475.71,261483.14,3.79,Active,0,FALSE,2021-06-05,2029-06-03
L000308,C00795,P002,11614.58,8020.64,8.78,Active,1,FALSE,2021-03-14,2029-03-12
L000309,C00802,P004,387559.05,308122.27,7.57,Active,0,FALSE,2022-08-01,2028-07-30
L000310,C00804,P004,233363.84,148218.5,6.01,Active,0,FALSE,2021-08-17,2029-08-15
L000311,C00805,P004,105305.26,93567.1,3.51,Active,0,FALSE,2023-08-04,2031-08-02
L000312,C00807,P003,2459.36,759.59,17.61,Active,1,FALSE,2024-01-09,2025-01-08
L000313,C00809,P004,708850.51,693292.63,8.07,Active,1,FALSE,2024-10-02,2033-09-30
L000314,C00812,P004,363505.49,300349.17,5.87,Active,0,FALSE,2021-02-04,2031-02-02
L000315,C00815,P001,467365.91,414431.5,5.05,Active,0,FALSE,2020-11-05,2039-11-01
L000316,C00823,P001,416692.66,407411.16,2.3,Defaulted,0,TRUE,2024-10-12,2038-10-09
L000317,C00826,P003,17199.1,0,11.86,Closed,0,FALSE,2023-04-11,2025-04-10
L000318,C00828,P004,501353.31,467022.51,4.14,Active,0,FALSE,2023-12-08,2031-12-06
L000319,C00830,P004,125936.61,120381.7,3.78,Active,0,FALSE,2023-12-31,2033-12-28
L000320,C00830,P004,350022.12,265947.14,3.77,Active,0,FALSE,2022-10-16,2026-10-15
L000321,C00831,P004,470217.0,377931.86,5.09,Active,0,FALSE,2024-02-24,2027-02-23
L000322,C00831,P003,12105.74,7914.82,11.31,Active,0,FALSE,2021-08-10,2026-08-09
L000323,C00832,P002,41126.89,7510.1,9.38,Active,0,FALSE,2021-04-21,2025-04-20
L000324,C00839,P005,98559.95,96015.97,5.9,Active,0,FALSE,2024-11-28,2032-11-26
L000325,C00839,P002,21899.13,0,10.49,Closed,0,FALSE,2020-11-14,2023-11-14
L000326,C00843,P004,171658.18,161410.18,4.94,Active,0,FALSE,2023-10-29,2032-10-26
L000327,C00845,P004,738876.21,596917.68,7.39,Active,0,FALSE,2022-04-07,2028-04-05
L000328,C00848,P002,29519.82,13041.19,9.98,Active,0,FALSE,2022-01-10,2025-01-09
L000329,C00851,P001,365995.62,352817.07,4.36,Active,0,FALSE,2024-03-10,2040-03-06
L000330,C00851,P001,96899.51,91871.75,2.33,Active,0,FALSE,2022-07-29,2046-07-23
L000331,C00854,P001,409125.75,400246.6,4.3,Active,0,FALSE,2024-11-09,2050-11-03
L000332,C00857,P002,25538.23,20134.73,4.86,Active,0,FALSE,2022-05-26,2028-05-24
L000333,C00859,P003,10105.21,5542.86,15.01,Active,0,FALSE,2020-12-10,2022-12-10
L000334,C00868,P004,523732.27,428058.97,5.1,Active,0,FALSE,2023-01-08,2030-01-06
L000335,C00869,P002,26983.48,21508.05,8.03,Active,0,FALSE,2023-07-04,2026-07-03
L000336,C00870,P002,16308.15,12282.31,9.12,Active,0,FALSE,2023-12-06,2026-12-05
L000337,C00875,P001,311540.08,285567.53,2.94,Active,0,FALSE,2022-01-19,2044-01-14
L000338,C00880,P004,732182.64,557495.61,5.52,Active,0,FALSE,2022-04-22,2030-04-20
L000339,C00882,P002,22355.38,11458.2,7.45,Active,0,FALSE,2021-10-08,2025-10-07
L000340,C00884,P004,508049.16,386042.82,3.4,Active,0,FALSE,2021-07-05,2032-07-02
L000341,C00887,P001,398311.81,381239.86,2.83,Active,1,FALSE,2024-01-19,2054-01-11
L000342,C00887,P001,288920.86,275297.82,3.13,Active,0,FALSE,2024-01-02,2032-12-30
L000343,C00893,P004,550950.3,407704.45,7.42,Active,0,FALSE,2021-09-14,2031-09-12
L000344,C00894,P001,159557.0,147861.16,4.92,Active,0,FALSE,2023-03-28,2035-03-25
L000345,C00898,P001,397857.48,380797.79,2.24,Active,0,FALSE,2024-09-18,2039-09-15
L000346,C00899,P004,556273.98,160886.95,4.01,Late,2,FALSE,2021-12-06,2024-12-05
L000347,C00900,P003,17697.2,7749.44,12.03,Active,0,FALSE,2022-09-09,2024-09-08
L000348,C00903,P001,373661.52,362953.52,2.29,Active,0,FALSE,2024-11-05,2043-11-01
L000349,C00903,P001,177826.64,0,2.77,Closed,0,FALSE,2022-08-21,2037-08-17
L000350,C00906,P001,160484.07,138047.49,4.76,Active,0,FALSE,2022-08-25,2037-08-21
L000351,C00911,P002,39033.82,19888.1,10.63,Active,0,FALSE,2023-01-27,2026-01-26
L000352,C00917,P003,9483.5,5591.84,10.14,Active,0,FALSE,2022-08-10,2027-08-09
L000353,C00918,P004,147479.72,130354.29,6.35,Active,0,FALSE,2024-01-31,2031-01-29
L000354,C00920,P002,3561.66,3427.47,4.77,Active,0,FALSE,2024-04-04,2032-04-02
L000355,C00922,P004,608883.55,497351.16,5.12,Active,0,FALSE,2021-09-21,2033-09-18
L000356,C00923,P002,40310.09,34924.68,7.45,Active,0,FALSE,2023-05-07,2028-05-05
L000357,C00934,P002,28428.43,23976.33,5.66,Active,1,FALSE,2024-02-27,2028-02-26
L000358,C00937,P001,123251.57,105802.23,2.81,Active,0,FALSE,2020-09-13,2036-09-09
L000359,C00942,P005,24898.08,19790.43,4.47,Active,0,FALSE,2022-04-02,2028-03-31
L000360,C00944,P003,14366.64,8646.83,14.16,Active,0,FALSE,2022-05-19,2026-05-18
L000361,C00944,P004,414177.91,313521.75,5.03,Active,0,FALSE,2023-03-13,2029-03-11
L000362,C00945,P004,486340.15,359137.09,4.98,Active,1,FALSE,2021-12-21,2027-12-20
L000363,C00949,P003,6734.39,2610.15,14.24,Defaulted,0,TRUE,2022-12-21,2023-12-21
L000364,C00952,P004,724394.1,399260.87,6.1,Active,0,FALSE,2021-08-19,2026-08-18
L000365,C00954,P001,471764.54,409612.25,4.35,Active,0,FALSE,2021-11-19,2040-11-14
L000366,C00955,P002,36494.28,34839.26,4.86,Active,0,FALSE,2024-07-11,2029-07-10
L000367,C00962,P001,226170.31,182904.61,4.4,Active,0,FALSE,2020-11-03,2037-10-30
L000368,C00966,P001,342755.72,303726.99,4.24,Active,0,FALSE,2020-11-02,2050-10-26
L000369,C00972,P002,2578.56,2242.71,6.74,Defaulted,0,TRUE,2024-08-02,2026-08-02
L000370,C00972,P003,13705.73,5940.96,16.2,Active,0,FALSE,2024-01-29,2025-01-28
L000371,C00974,P001,173091.87,167824.01,3.57,Active,0,FALSE,2024-08-05,2048-07-30
L000372,C00975,P003,17292.56,8702.27,17.3,Active,0,FALSE,2022-06-12,2026-06-11
L000373,C00975,P001,121454.56,113915.49,4.99,Active,0,FALSE,2021-01-28,2048-01-22
L000374,C00982,P004,389431.08,152364.74,5.88,Active,0,FALSE,2021-03-26,2026-03-25
L000375,C00987,P002,13367.33,3931.88,8.51,Active,0,FALSE,2021-02-02,2024-02-02
L000376,C00991,P002,44833.31,12938.92,9.07,Active,0,FALSE,2022-07-12,2024-07-11
L000377,C00996,P002,8533.44,5014.41,10.43,Active,0,FALSE,2021-11-08,2022-11-08
L000378,C00996,P001,288045.94,266844.11,2.82,Active,0,FALSE,2022-03-24,2052-03-16
L000379,C00999,P004,299133.63,211527.1,4.93,Active,0,FALSE,2022-05-22,2029-05-20
L000380,C01004,P004,31166.02,22261.28,3.84,Active,0,FALSE,2022-01-27,2029-01-25
L000381,C01005,P002,25846.94,13560.5,9.13,Active,0,FALSE,2021-08-13,2027-08-12
L000382,C01008,P004,749476.88,659719.05,5.3,Active,0,FALSE,2023-05-30,2029-05-28
L000383,C01008,P004,652856.0,446093.66,4.29,Active,0,FALSE,2022-02-09,2026-02-08
L000384,C01012,P004,708742.45,645758.89,5.68,Late,2,FALSE,2023-08-06,2031-08-04
L000385,C01015,P004,507799.91,149946.94,4.88,Defaulted,1,TRUE,2022-01-06,2024-01-06
L000386,C01015,P004,492368.19,261908.74,6.84,Active,1,FALSE,2021-03-09,2023-03-09
L000387,C01016,P003,3924.96,1621.79,18.06,Active,0,FALSE,2020-10-21,2023-10-21
L000388,C01018,P003,5884.92,2573.4,14.31,Active,0,FALSE,2022-02-28,2026-02-27
L000389,C01019,P002,25478.22,23896.37,5.57,Active,0,FALSE,2024-09-14,2027-09-14
L000390,C01019,P001,294526.16,287755.2,4.19,Defaulted,0,TRUE,2023-12-07,2053-11-29
L000391,C01023,P004,513894.86,474810.59,7.69,Active,0,FALSE,2023-02-27,2035-02-24
L000392,C01026,P001,288493.94,240198.08,5.25,Active,0,FALSE,2022-12-06,2033-12-03
L000393,C01029,P001,379435.07,329750.45,4.08,Active,1,FALSE,2021-01-06,2047-12-31
L000394,C01029,P003,7774.74,6382.07,9.81,Active,0,FALSE,2024-03-15,2027-03-15
L000395,C01034,P003,12369.54,3837.13,11.95,Late,2,FALSE,2022-09-07,2025-09-06
L000396,C01035,P004,199286.1,163149.13,5.28,Active,1,FALSE,2021-11-15,2033-11-12
L000397,C01038,P003,9658.52,3658.47,10.89,Active,1,FALSE,2021-01-14,2025-01-13
L000398,C01040,P002,13463.57,4373.79,6.6,Active,1,FALSE,2023-06-18,2025-06-17
L000399,C01044,P003,9891.36,4881.68,7.82,Active,0,FALSE,2023-07-20,2025-07-19
L000400,C01047,P004,55936.58,52924.71,7.31,Defaulted,0,TRUE,2024-01-18,2036-01-15
L000401,C01047,P004,233246.37,212610.45,6.99,Active,0,FALSE,2024-05-17,2030-05-16
L000402,C01049,P002,31677.21,30733.03,4.66,Active,0,FALSE,2024-06-19,2032-06-17
L000403,C01050,P002,10913.34,9535.84,6.98,Active,0,FALSE,2023-10-02,2030-09-30
L000404,C01052,P005,118130.67,18975.81,6.96,Active,0,FALSE,2020-12-04,2022-12-04
L000405,C01054,P001,345924.21,302512.08,4.26,Active,0,FALSE,2021-04-24,2035-04-21
L000406,C01056,P001,257689.76,217405.85,4.56,Defaulted,0,TRUE,2021-08-14,2039-08-10
L000407,C01058,P001,130199.38,124446.62,3.64,Active,0,FALSE,2023-09-06,2046-08-31
L000408,C01060,P003,9598.13,7215.83,9.93,Late,2,FALSE,2023-05-28,2026-05-27
L000409,C01069,P004,593034.01,536390.28,8.08,Active,0,FALSE,2024-02-19,2030-02-17
L000410,C01072,P003,8850.82,6192.05,10.7,Active,0,FALSE,2023-03-18,2026-03-17
L000411,C01074,P004,688825.64,603813.74,5.29,Active,0,FALSE,2022-12-25,2031-12-23
L000412,C01075,P003,10939.22,3221.15,8.84,Active,0,FALSE,2024-03-05,2025-03-05
L000413,C01076,P002,32946.08,31822.66,7.14,Active,0,FALSE,2024-12-17,2028-12-16
L000414,C01082,P002,32570.94,14857.21,11.8,Active,1,FALSE,2023-12-07,2024-12-06
L000415,C01082,P003,16533.25,14082.82,10.52,Active,0,FALSE,2023-09-19,2028-09-17
L000416,C01088,P002,26625.58,8969.4,9.48,Active,0,FALSE,2020-08-29,2021-08-29
L000417,C01092,P003,16806.67,9752.24,13.3,Active,0,FALSE,2022-01-27,2027-01-26
L000418,C01100,P004,129257.54,85151.47,6.64,Active,0,FALSE,2022-11-17,2027-11-16
L000419,C01101,P004,162323.55,125331.1,5.09,Active,0,FALSE,2022-07-06,2031-07-04
L000420,C01101,P004,380549.03,343665.13,5.62,Active,0,FALSE,2023-05-07,2034-05-04
L000421,C01104,P002,27196.95,4028.19,7.53,Active,0,FALSE,2021-04-14,2023-04-14
L000422,C01104,P001,390329.64,365581.63,2.83,Active,0,FALSE,2023-04-30,2039-04-26
L000423,C01107,P002,11978.01,8691.5,9.79,Active,0,FALSE,2021-05-04,2027-05-03
L000424,C01110,P003,14664.28,11357.86,8.24,Active,0,FALSE,2022-06-06,2027-06-05
L000425,C01111,P004,512499.64,233793.41,7.18,Active,0,FALSE,2021-01-01,2025-12-31
L000426,C01111,P003,4107.81,2456.27,15.49,Late,3,FALSE,2023-07-20,2026-07-19
L000427,C01112,P001,270275.9,257141.32,4.85,Active,0,FALSE,2023-08-03,2043-07-29
L000428,C01113,P002,32621.69,16551.41,10.56,Active,1,FALSE,2022-10-17,2026-10-16
L000429,C01114,P002,22827.57,12484.18,7.63,Active,0,FALSE,2021-05-01,2022-05-01
L000430,C01115,P002,42780.76,32465.76,8.28,Active,0,FALSE,2021-11-03,2027-11-02
L000431,C01117,P003,1938.56,0,15.03,Closed,0,FALSE,2023-09-04,2028-09-02
L000432,C01118,P001,103566.38,96954.03,4.41,Active,0,FALSE,2022-05-17,2047-05-11
L000433,C01119,P002,26417.27,0,11.32,Closed,0,FALSE,2023-08-11,2027-08-10
L000434,C01120,P003,17329.75,0,14.45,Closed,0,FALSE,2021-03-25,2022-03-25
L000435,C01125,P001,343077.81,0,4.25,Closed,0,FALSE,2024-08-13,2045-08-08
L000436,C01132,P002,38323.17,10975.21,12.43,Late,2,FALSE,2021-09-10,2023-09-10
L000437,C01134,P004,724377.53,569523.55,8.18,Active,0,FALSE,2021-03-06,2032-03-03
L000438,C01134,P005,33070.86,0,6.18,Closed,0,FALSE,2020-11-30,2030-11-28
L000439,C01135,P002,12082.61,10162.93,10.34,Active,0,FALSE,2023-12-21,2028-12-19
L000440,C01135,P004,228730.5,211846.98,4.97,Late,2,FALSE,2023-09-07,2033-09-04
L000441,C01136,P002,32809.99,27291.4,7.67,Active,0,FALSE,2023-02-03,2029-02-01
L000442,C01136,P001,213323.59,0,5.05,Closed,0,FALSE,2022-05-26,2036-05-22
L000443,C01137,P005,84798.16,72360.69,6.48,Active,0,FALSE,2022-12-31,2031-12-29
L000444,C01138,P001,222541.14,209039.24,4.65,Active,0,FALSE,2023-11-21,2037-11-17
L000445,C01140,P004,29182.56,17178.58,8.25,Active,0,FALSE,2021-01-03,2026-01-02
L000446,C01141,P003,3552.34,2887.69,14.11,Active,0,FALSE,2023-11-14,2028-11-12
L000447,C01143,P002,20088.12,0,11.44,Closed,0,FALSE,2021-06-16,2024-06-15
L000448,C01143,P004,59049.86,48411.75,8.35,Active,0,FALSE,2023-04-22,2031-04-20
L000449,C01147,P003,14590.9,8952.66,12.56,Active,0,FALSE,2021-10-02,2026-10-01
L000450,C01147,P001,405706.65,396111.15,3.37,Active,0,FALSE,2024-04-12,2038-04-09
L000451,C01149,P002,18018.62,9593.61,7.63,Active,0,FALSE,2020-10-09,2025-10-08
L000452,C01153,P001,149219.88,140462.73,4.43,Active,0,FALSE,2022-09-06,2044-08-31
L000453,C01153,P002,42744.15,25111.23,11.3,Active,0,FALSE,2020-12-01,2028-11-29
L000454,C01154,P002,16236.01,12748.24,10.46,Active,0,FALSE,2022-03-30,2028-03-28
L000455,C01155,P001,425749.8,406830.06,2.73,Active,0,FALSE,2024-08-25,2049-08-19
L000456,C01160,P003,12972.5,8684.95,10.56,Active,0,FALSE,2023-08-30,2025-08-29
L000457,C01161,P002,6492.04,5649.35,9.18,Active,0,FALSE,2023-08-07,2029-08-05
L000458,C01161,P001,235872.52,0,5.04,Closed,0,FALSE,2021-02-11,2048-02-05
L000459,C01164,P003,5313.13,1840.67,10.32,Active,0,FALSE,2020-11-19,2025-11-18
L000460,C01167,P004,123960.13,78310.99,4.14,Active,0,FALSE,2022-12-02,2025-12-01
L000461,C01167,P005,54594.61,40671.1,6.15,Active,0,FALSE,2021-10-18,2030-10-16
L000462,C01177,P002,42513.35,35098.84,6.11,Active,0,FALSE,2022-08-31,2028-08-29
L000463,C01178,P003,536.59,102.98,10.95,Active,0,FALSE,2022-03-21,2024-03-20
L000464,C01181,P004,618681.3,552870.05,7.88,Active,0,FALSE,2022-12-01,2031-11-29
L000465,C01181,P004,479571.39,357403.18,4.41,Active,0,FALSE,2021-08-26,2032-08-23
L000466,C01182,P003,4796.94,0,9.08,Closed,0,FALSE,2022-05-09,2023-05-09
L000467,C01187,P004,672718.85,622124.49,3.78,Active,0,FALSE,2024-06-28,2029-06-27
L000468,C01189,P004,190114.82,73857.7,5.08,Late,3,FALSE,2022-02-27,2024-02-27
L000469,C01193,P002,31780.48,6848.26,8.04,Active,0,FALSE,2020-08-31,2024-08-30
L000470,C01193,P003,15734.29,15379.5,17.68,Active,0,FALSE,2024-11-08,2027-11-08
L000471,C01194,P004,356884.17,322343.26,4.78,Active,0,FALSE,2024-01-21,2032-01-19
L000472,C01202,P002,14985.19,10962.32,12.42,Active,0,FALSE,2021-08-22,2029-08-20
L000473,C01207,P002,18700.58,17178.01,12.46,Active,0,FALSE,2024-09-05,2027-09-05
L000474,C01208,P001,279378.7,244175.59,3.62,Active,0,FALSE,2021-08-17,2041-08-12
L000475,C01208,P002,44806.93,28285.79,11.67,Active,0,FALSE,2022-01-31,2027-01-30
L000476,C01210,P001,168473.28,160167.38,4.93,Active,0,FALSE,2023-05-11,2051-05-04
L000477,C01210,P002,7624.62,7142.98,6.46,Active,0,FALSE,2024-04-30,2032-04-28
L000478,C01212,P004,215912.88,116548.18,5.03,Active,0,FALSE,2022-08-11,2026-08-10
L000479,C01212,P004,641796.82,577587.6,4.12,Defaulted,0,TRUE,2022-10-26,2034-10-23
L000480,C01215,P004,734159.03,702337.54,4.49,Active,0,FALSE,2024-10-17,2036-10-14
L000481,C01219,P003,7784.04,2990.97,16.52,Active,0,FALSE,2021-05-17,2026-05-16
L000482,C01222,P004,410128.69,266632.92,3.44,Active,0,FALSE,2022-09-29,2026-09-28
L000483,C01223,P004,72088.54,68754.58,4.99,Active,0,FALSE,2024-08-23,2030-08-22
L000484,C01224,P003,4712.08,880.54,14.52,Active,0,FALSE,2022-03-10,2023-03-10
L000485,C01225,P002,27012.34,6727.89,9.9,Defaulted,0,TRUE,2023-02-26,2025-02-25
L000486,C01230,P002,14857.28,9070.99,4.8,Active,0,FALSE,2021-06-13,2024-06-12
L000487,C01230,P001,325006.29,298936.95,5.13,Active,0,FALSE,2023-05-06,2037-05-02
L000488,C01232,P003,5558.98,1642.09,16.81,Active,0,FALSE,2021-02-23,2024-02-23
L000489,C01234,P002,20041.05,10998.25,10.11,Active,0,FALSE,2023-09-11,2025-09-10
L000490,C01234,P003,16243.61,7772.57,14.35,Active,0,FALSE,2021-08-01,2025-07-31
L000491,C01242,P003,2354.25,647.29,12.08,Active,0,FALSE,2023-03-16,2025-03-15
L000492,C01244,P001,419580.02,404169.97,3.89,Active,0,FALSE,2024-01-31,2052-01-24
L000493,C01247,P002,40637.87,19830.22,6.79,Late,2,FALSE,2021-10-08,2025-10-07
L000494,C01250,P001,193276.69,171756.83,2.74,Defaulted,1,TRUE,2020-12-03,2050-11-26
L000495,C01250,P001,473479.14,433668.87,2.75,Active,0,FALSE,2020-11-06,2049-10-30
L000496,C01253,P002,10854.39,8504.23,11.19,Active,0,FALSE,2022-01-17,2028-01-16
L000497,C01253,P003,13324.93,10254.26,13.36,Active,0,FALSE,2023-03-17,2028-03-15
L000498,C01255,P005,43139.59,18629.98,5.38,Active,0,FALSE,2020-12-01,2023-12-01
L000499,C01255,P004,317663.15,250722.3,6.92,Active,0,FALSE,2023-01-01,2030-12-30
L000500,C01256,P003,14076.5,9381.47,14.86,Active,0,FALSE,2022-10-29,2026-10-28
L000501,C01258,P002,7015.81,5376.45,5.45,Late,3,FALSE,2022-02-22,2029-02-20
L000502,C01259,P002,24950.11,22750.13,11.48,Active,0,FALSE,2023-11-14,2030-11-12
L000503,C01259,P002,42660.55,39636.55,10.17,Active,1,FALSE,2024-07-21,2027-07-21
L000504,C01264,P002,18307.97,8358.74,4.66,Active,0,FALSE,2022-11-05,2024-11-04
L000505,C01264,P002,23540.19,12372.68,4.86,Defaulted,0,TRUE,2021-03-24,2025-03-23
L000506,C01267,P003,3703.3,2670.66,17.32,Active,0,FALSE,2023-09-05,2027-09-04
L000507,C01269,P002,3772.26,2305.43,8.96,Active,0,FALSE,2021-05-09,2024-05-08
L000508,C01270,P005,37239.57,26317.39,6.31,Active,0,FALSE,2023-10-12,2025-10-11
L000509,C01270,P004,124858.81,74164.73,4.76,Active,0,FALSE,2021-01-01,2025-12-31
L000510,C01276,P002,8845.8,8090.3,8.86,Active,0,FALSE,2023-09-04,2030-09-02
L000511,C01279,P004,347968.66,321535.78,7.45,Active,1,FALSE,2024-01-23,2029-01-21
L000512,C01279,P003,2986.94,2673.0,17.45,Active,0,FALSE,2024-02-25,2029-02-23
L000513,C01280,P004,123123.96,104201.68,6.31,Defaulted,2,TRUE,2022-01-30,2030-01-28
L000514,C01283,P003,13993.43,9255.69,7.88,Active,0,FALSE,2023-05-16,2026-05-15
L000515,C01284,P003,14228.15,7468.31,11.72,Active,0,FALSE,2023-02-25,2026-02-24
L000516,C01288,P004,659728.17,0,3.7,Closed,0,FALSE,2022-04-25,2032-04-22
L000517,C01289,P003,7044.01,6671.74,16.59,Active,0,FALSE,2024-08-04,2028-08-03
L000518,C01289,P004,177789.14,162852.31,6.91,Active,0,FALSE,2023-08-10,2031-08-08
L000519,C01293,P005,92665.19,84401.46,2.79,Active,0,FALSE,2024-04-20,2031-04-19
L000520,C01295,P002,43835.37,15098.8,10.1,Active,0,FALSE,2023-09-15,2024-09-14
L000521,C01301,P001,138080.14,123093.53,2.21,Active,0,FALSE,2020-10-03,2045-09-27
L000522,C01304,P002,20270.1,5370.59,10.72,Active,0,FALSE,2020-09-13,2022-09-13
L000523,C01311,P002,43287.44,33994.18,8.05,Late,2,FALSE,2023-07-20,2026-07-19
L000524,C01316,P002,33409.7,13251.82,9.47,Active,0,FALSE,2021-02-22,2023-02-22
L000525,C01318,P004,121424.94,105989.9,3.58,Active,0,FALSE,2024-03-07,2027-03-07
L000526,C01321,P004,372561.01,171336.42,7.26,Active,0,FALSE,2021-07-24,2026-07-23
L000527,C01324,P001,174738.39,166941.58,5.24,Active,0,FALSE,2024-10-15,2036-10-12
L000528,C01324,P001,444914.63,428182.15,3.15,Defaulted,0,TRUE,2024-06-03,2037-05-31
L000529,C01326,P004,475200.69,163857.15,5.14,Active,0,FALSE,2021-10-21,2023-10-21
L000530,C01326,P003,1358.57,878.26,17.64,Active,0,FALSE,2024-01-29,2026-01-28
L000531,C01328,P002,6845.86,6589.83,7.18,Active,0,FALSE,2024-12-11,2028-12-10
L000532,C01329,P001,227874.47,213189.1,4.29,Active,0,FALSE,2022-10-27,2049-10-20
L000533,C01330,P002,34492.61,32715.81,8.51,Active,0,FALSE,2024-08-18,2030-08-17
L000534,C01330,P002,3885.32,2173.27,9.78,Active,0,FALSE,2022-12-11,2026-12-10
L000535,C01331,P002,4768.12,3127.85,7.29,Active,0,FALSE,2022-07-20,2027-07-19
L000536,C01331,P002,21773.71,13765.19,11.55,Active,0,FALSE,2023-04-09,2026-04-08
L000537,C01333,P003,7543.81,2807.57,12.45,Active,0,FALSE,2020-09-28,2023-09-28
L000538,C01338,P002,10575.65,9389.32,7.33,Active,0,FALSE,2023-04-07,2031-04-05
L000539,C01340,P002,6915.22,5883.7,6.2,Active,0,FALSE,2023-03-18,2031-03-16
L000540,C01343,P004,518215.33,388285.56,5.63,Active,0,FALSE,2020-11-21,2032-11-18
L000541,C01345,P004,298013.81,182105.63,5.51,Active,0,FALSE,2021-12-09,2027-12-08
L000542,C01350,P003,4346.71,4217.1,11.16,Active,0,FALSE,2024-11-06,2028-11-05
L000543,C01356,P001,472463.03,461710.72,2.92,Defaulted,0,TRUE,2024-02-18,2051-02-11
L000544,C01363,P001,270836.86,261647.75,3.55,Active,0,FALSE,2024-05-16,2046-05-11
L000545,C01363,P003,5422.74,4912.27,8.31,Active,0,FALSE,2024-04-02,2029-04-01
L000546,C01365,P003,12836.48,3248.06,10.36,Active,0,FALSE,2022-03-27,2023-03-27
L000547,C01365,P001,391352.72,366212.24,4.23,Active,0,FALSE,2022-10-13,2051-10-06
L000548,C01367,P002,31528.59,24505.91,11.75,Active,0,FALSE,2022-01-20,2028-01-19
L000549,C01370,P004,352770.65,273629.11,4.9,Late,3,FALSE,2022-04-25,2032-04-22
L000550,C01378,P002,42999.93,37117.33,5.18,Active,0,FALSE,2024-01-11,2028-01-10
L000551,C01383,P004,512283.32,486599.99,8.27,Active,0,FALSE,2024-09-27,2028-09-26
L000552,C01390,P002,7517.28,7046.5,6.48,Active,0,FALSE,2024-08-09,2027-08-09
L000553,C01390,P001,217791.04,198458.9,3.37,Active,0,FALSE,2022-02-19,2045-02-13
L000554,C01391,P003,13908.57,13212.09,15.56,Late,3,FALSE,2024-09-17,2029-09-16
L000555,C01391,P004,473484.58,454967.62,8.12,Active,0,FALSE,2024-06-25,2036-06-22
L000556,C01396,P003,13720.2,11916.1,15.04,Active,0,FALSE,2024-05-20,2027-05-20
L000557,C01397,P004,261780.83,250402.02,3.75,Active,0,FALSE,2024-12-02,2035-11-30
L000558,C01401,P003,4488.59,1543.92,9.4,Active,0,FALSE,2022-10-19,2024-10-18
L000559,C01403,P005,26910.04,25946.9,3.2,Active,0,FALSE,2024-07-07,2033-07-05
L000560,C01403,P002,43958.39,16918.74,9.09,Active,0,FALSE,2023-01-13,2024-01-13
L000561,C01404,P003,9719.68,2563.23,13.98,Active,0,FALSE,2022-11-08,2024-11-07
L000562,C01405,P002,44780.41,21555.25,12.38,Active,0,FALSE,2022-04-15,2023-04-15
L000563,C01408,P004,416151.92,352727.18,8.37,Active,0,FALSE,2023-04-07,2029-04-05
L000564,C01410,P004,286296.87,265174.67,3.98,Active,1,FALSE,2023-09-14,2031-09-12
L000565,C01414,P002,20184.34,13451.65,5.12,Active,0,FALSE,2023-02-01,2027-01-31
L000566,C01414,P001,274971.77,259103.88,4.07,Active,0,FALSE,2023-05-07,2038-05-03
L000567,C01417,P002,10709.84,5215.5,8.97,Active,0,FALSE,2021-11-18,2024-11-17
L000568,C01425,P004,683205.54,550848.2,7.1,Late,2,FALSE,2022-12-24,2028-12-22
L000569,C01425,P004,618576.12,535500.39,3.56,Active,0,FALSE,2022-09-21,2032-09-18
L000570,C01426,P004,76797.97,52507.23,5.68,Active,0,FALSE,2023-09-04,2025-09-03
L000571,C01427,P004,118558.39,106799.59,4.73,Active,0,FALSE,2023-07-24,2034-07-21
L000572,C01430,P003,16733.4,8653.9,14.13,Active,0,FALSE,2022-04-14,2027-04-13
L000573,C01430,P003,15007.5,9192.92,15.48,Active,0,FALSE,2023-08-05,2025-08-04
L000574,C01434,P005,17569.38,9999.83,2.26,Active,0,FALSE,2021-01-15,2027-01-14
L000575,C01434,P004,710673.07,578285.12,7.89,Active,0,FALSE,2023-12-26,2026-12-25
L000576,C01439,P004,521496.25,445509.74,7.94,Active,0,FALSE,2022-10-21,2032-10-18
L000577,C01445,P002,23503.51,18227.49,8.29,Late,4,FALSE,2023-03-19,2027-03-18
L000578,C01446,P001,477083.1,457416.1,3.95,Active,1,FALSE,2023-09-05,2047-08-30
L000579,C01446,P001,446691.7,409144.99,4.75,Active,1,FALSE,2020-12-25,2046-12-19
L000580,C01448,P002,35955.94,0,5.88,Closed,0,FALSE,2024-02-28,2031-02-26
L000581,C01449,P001,316361.55,297232.2,3.52,Active,0,FALSE,2023-08-04,2043-07-30
L000582,C01454,P002,37045.22,28781.09,7.52,Active,0,FALSE,2022-06-08,2027-06-07
L000583,C01455,P003,3377.52,1846.38,11.81,Active,0,FALSE,2023-04-11,2025-04-10
L000584,C01456,P003,13087.8,12236.38,7.66,Active,0,FALSE,2024-08-13,2028-08-12
L000585,C01458,P004,674581.62,560468.25,3.75,Active,0,FALSE,2024-05-14,2026-05-14
L000586,C01459,P003,9960.11,5184.85,18.06,Active,0,FALSE,2023-08-24,2024-08-23
L000587,C01460,P002,6174.9,1014.46,12.1,Defaulted,1,TRUE,2021-12-28,2022-12-28
L000588,C01461,P004,536692.93,446667.63,4.77,Active,0,FALSE,2023-09-05,2029-09-03
L000589,C01461,P004,738566.72,609593.31,6.74,Active,0,FALSE,2021-12-29,2033-12-26
L000590,C01464,P004,441420.55,365755.12,6.42,Active,0,FALSE,2022-09-18,2032-09-15
L000591,C01464,P002,8139.96,7748.17,6.87,Active,0,FALSE,2024-08-04,2030-08-03
L000592,C01467,P001,443181.99,385344.68,4.22,Active,0,FALSE,2022-03-09,2034-03-06
L000593,C01476,P003,17078.44,16088.28,15.07,Active,0,FALSE,2024-09-23,2027-09-23
L000594,C01477,P002,17072.05,12614.87,11.97,Active,0,FALSE,2022-03-11,2027-03-10
L000595,C01480,P001,151883.24,119301.13,3.55,Active,0,FALSE,2020-10-28,2031-10-26
L000596,C01481,P001,385550.47,371873.35,4.06,Active,0,FALSE,2023-06-09,2047-06-03
L000597,C01483,P002,43994.6,28692.59,6.77,Active,0,FALSE,2022-04-05,2028-04-03
L000598,C01483,P002,18905.9,10958.01,5.27,Active,0,FALSE,2021-12-29,2027-12-28
L000599,C01484,P004,409355.61,183383.06,5.89,Active,0,FALSE,2021-04-11,2023-04-11
L000600,C01487,P002,15408.93,8253.86,5.5,Active,0,FALSE,2022-08-24,2026-08-23
L000601,C01492,P002,3583.09,0,9.76,Closed,0,FALSE,2021-02-27,2022-02-27
